"pitches","player_id","player_name","total_pitches","pitch_percent","ba","iso","babip","slg","woba","xwoba","xba","hits","abs","launch_speed","launch_angle","spin_rate","velocity","effective_speed","whiffs","swings","takes","eff_min_vel","release_extension","pos3_int_start_distance","pos4_int_start_distance","pos5_int_start_distance","pos6_int_start_distance","pos7_int_start_distance","pos8_int_start_distance","pos9_int_start_distance"
"476",545333,"Trevor Bauer","1165","40.9","0.140","0.170","0.173","0.310","0.224","0.223","0.149","14","100","92.3","32.5","2776","93.5","93.66","51","214","259","0.2","6.50","115","154","122","154","294","320","292"
"14",669203,"Corbin Burnes","1010","1.4","0.000","0.000","0.000","0.000","0.000","0.030","0.021","0","1","104.4","57.0","2742","96.2","96.66","3","6","8","0.5","6.42","108","151","122","157","298","321","293"
"340",572070,"Garrett Richards","788","43.1","0.263","0.063","0.280","0.325","0.282","0.328","0.294","21","80","89.5","12.8","2622","95.1","94.91","21","154","186","-0.2","6.13","115","149","135","145","304","335","316"
"482",501985,"Mike Minor","979","49.2","0.227","0.103","0.270","0.330","0.291","0.322","0.241","22","97","89.5","20.5","2589","90.6","89.97","56","226","254","-0.6","5.88","110","153","116","149","302","323","293"
"170",506433,"Yu Darvish","1153","14.7","0.205","0.051","0.444","0.256","0.208","0.146","0.138","8","39","92.0","24.3","2582","95.9","96.39","33","78","92","0.5","6.56","111","154","115","149","297","329","298"
"19",641672,"Thomas Hatch","441","4.3","0.000","0.000","0.000","0.000","0.276","0.379","0.190","0","3","88.4","35.0","2565","94.8","94.88","3","8","11","0.1","6.54","104","159","118","153","301","334","298"
"43",547179,"Michael Lorenzen","608","7.1","0.000","0.000","0.000","0.000","0.063","0.099","0.032","0","10","92.5","8.8","2563","96.5","95.56","8","19","24","-0.9","5.81","109","153","124","147","287","315","292"
"56",502188,"Jeff Samardzija","298","18.8","0.500","0.583","0.400","1.083","0.646","0.506","0.407","6","12","94.5","40.1","2557","90.3","90.67","6","28","28","0.4","6.46","114","166","121","151","299","320","302"
"266",458676,"Josh Lindblom","793","33.5","0.298","0.234","0.393","0.532","0.414","0.357","0.256","14","47","92.7","26.5","2551","90.1","90.21","32","117","146","0.1","6.29","108","153","118","151","296","318","299"
"323",621111,"Walker Buehler","600","53.8","0.102","0.017","0.167","0.119","0.165","0.199","0.129","6","59","89.3","25.8","2546","96.8","96.90","36","138","185","0.1","6.34","114","160","116","150","302","320","295"
"40",434378,"Justin Verlander","73","54.8","0.214","0.429","0.111","0.643","0.363","0.339","0.221","3","14","93.1","14.4","2524","94.9","94.14","1","22","17","-0.8","6.20","117","154","120","153","272","314","302"
"519",656302,"Dylan Cease","1085","47.8","0.254","0.246","0.253","0.500","0.377","0.405","0.309","31","122","91.0","14.1","2521","97.5","97.09","43","250","266","-0.4","6.00","109","150","114","149","300","322","299"
"250",543243,"Sonny Gray","968","25.8","0.250","0.227","0.290","0.477","0.322","0.271","0.227","11","44","86.8","7.5","2521","93.0","93.61","14","92","157","0.6","6.50","118","156","120","155","291","321","295"
"13",621052,"Alex Reyes","369","3.5","null","null","null","null","0.690","0.690","null","0","0","null","null","2519","97.0","97.12","2","2","11","0.1","6.34","111","157","121","151","289","323","304"
"84",664074,"Cody Ponce","265","31.7","0.125","0.250","0.077","0.375","0.275","0.449","0.351","2","16","91.3","17.9","2518","93.0","93.97","7","31","53","1.0","6.83","111","156","125","149","298","322","302"
"35",665759,"Ramon Rosso","194","18.0","0.143","0.000","0.250","0.143","0.333","0.308","0.083","1","7","91.1","25.5","2508","93.0","92.37","4","16","18","-0.6","5.97","105","148","112","145","300","326","294"
"14",657376,"Clarke Schmidt","126","11.1","0.000","0.000","0.000","0.000","0.235","0.340","0.163","0","4","96.6","25.3","2506","94.5","93.76","1","7","6","-0.7","5.80","108","153","110","149","294","319","285"
"635",543037,"Gerrit Cole","1203","52.8","0.226","0.240","0.235","0.466","0.310","0.305","0.230","33","146","92.2","22.6","2505","96.7","96.95","83","321","314","0.3","6.57","114","151","122","150","294","322","288"
"10",657571,"Caleb Ferguson","304","3.3","0.000","0.000","0.000","0.000","0.000","0.013","0.014","0","1","83.5","34.0","2504","95.3","95.34","1","7","3","0.0","6.16","119","162","126","148","293","321","293"
"434",605513,"Spencer Turnbull","963","45.1","0.198","0.111","0.273","0.309","0.306","0.356","0.242","16","81","90.8","16.6","2500","93.7","93.97","50","178","255","0.3","6.26","110","149","114","147","294","326","293"
"128",592761,"Caleb Smith","267","47.9","0.167","0.167","0.133","0.333","0.354","0.400","0.219","3","18","88.6","27.6","2496","92.0","90.34","8","46","82","-1.7","5.51","103","152","115","148","307","329","292"
"390",659275,"Dinelson Lamet","1046","37.3","0.286","0.176","0.343","0.462","0.345","0.334","0.283","26","91","88.6","16.9","2495","97.0","96.59","34","183","206","-0.4","6.08","116","151","137","147","303","332","314"
"701",458681,"Lance Lynn","1408","49.8","0.211","0.204","0.253","0.414","0.292","0.277","0.211","32","152","88.3","26.7","2492","94.0","93.98","103","351","347","0.0","6.36","111","156","114","150","299","322","296"
"297",664062,"Tony Gonsolin","705","42.1","0.182","0.052","0.222","0.234","0.186","0.276","0.248","14","77","89.4","18.7","2486","95.1","94.37","26","161","134","-0.7","5.88","114","161","114","149","297","321","295"
"333",477132,"Clayton Kershaw","888","37.5","0.196","0.268","0.171","0.464","0.289","0.308","0.241","11","56","90.2","22.0","2484","91.6","91.43","26","136","196","-0.2","6.31","110","158","112","147","299","319","291"
"25",543022,"Tyler Chatwood","333","7.5","0.500","0.000","0.667","0.500","0.486","0.496","0.487","2","4","86.8","10.0","2483","94.7","90.97","4","12","13","-3.7","6.19","114","159","117","150","291","328","303"
"451",628711,"Julio Urias","875","51.5","0.194","0.139","0.215","0.333","0.260","0.282","0.207","21","108","88.6","24.3","2478","94.2","93.33","57","231","220","-0.9","5.73","109","158","113","147","300","318","289"
"510",594798,"Jacob deGrom","1135","44.9","0.186","0.134","0.300","0.320","0.239","0.244","0.196","18","97","92.7","24.6","2477","98.6","99.81","95","257","251","1.2","6.96","114","148","123","143","295","318","295"
"18",453178,"Ian Kennedy","261","6.9","0.000","0.000","0.000","0.000","0.138","0.165","0.018","0","4","95.1","63.5","2476","93.3","94.07","2","9","9","0.8","6.60","103","157","120","147","303","338","302"
"558",453286,"Max Scherzer","1213","46.0","0.264","0.245","0.319","0.509","0.353","0.370","0.288","29","110","92.8","22.1","2472","94.7","94.48","82","281","272","-0.2","6.24","108","153","125","139","297","318","295"
"374",471911,"Carlos Carrasco","1101","34.0","0.226","0.170","0.289","0.396","0.313","0.332","0.253","12","53","91.9","20.5","2470","93.8","94.44","45","168","206","0.6","6.54","108","153","115","150","293","321","293"
"523",596133,"Luke Weaver","968","54.0","0.313","0.270","0.370","0.583","0.392","0.330","0.258","36","115","91.5","19.3","2467","94.0","93.41","52","255","266","-0.6","6.04","110","155","120","151","303","333","303"
"390",607644,"John Means","745","52.3","0.155","0.211","0.158","0.366","0.249","0.201","0.129","11","71","92.5","28.9","2458","93.8","93.41","54","187","199","-0.4","6.12","109","155","116","146","303","321","290"
"417",605540,"Brandon Woodruff","1211","34.4","0.194","0.155","0.333","0.350","0.266","0.222","0.153","20","103","89.0","24.6","2457","96.6","97.24","78","231","184","0.6","6.64","112","153","122","151","295","319","299"
"182",605397,"Joe Musgrove","673","27.0","0.324","0.351","0.310","0.676","0.430","0.369","0.295","12","37","88.9","25.6","2451","92.6","92.19","16","94","88","-0.4","5.85","109","154","122","149","296","318","298"
"253",666200,"Jesus Luzardo","940","26.9","0.180","0.320","0.125","0.500","0.310","0.343","0.250","9","50","92.9","16.4","2451","95.4","93.83","21","104","146","-1.6","5.58","108","149","120","149","301","322","294"
"232",607536,"Kyle Freeland","1124","20.6","0.306","0.139","0.313","0.444","0.352","0.341","0.296","11","36","86.2","8.2","2451","92.2","93.13","9","77","155","0.9","6.60","112","153","117","145","306","330","304"
"10",670056,"Caleb Baragar","349","2.9","0.000","0.000","0.000","0.000","0.000","0.101","0.097","0","3","86.9","26.0","2445","94.7","95.09","0","4","6","0.4","6.62","114","156","111","150","290","313","292"
"627",571760,"Andrew Heaney","1085","57.8","0.267","0.214","0.311","0.481","0.345","0.335","0.255","35","131","90.5","21.3","2436","91.5","90.93","79","315","307","-0.6","6.06","109","150","116","147","308","323","291"
"117",518876,"Merrill Kelly","473","24.7","0.250","0.250","0.267","0.500","0.342","0.262","0.196","5","20","89.6","30.1","2436","92.1","92.15","11","48","68","0.1","6.39","110","153","115","150","305","330","304"
"306",592826,"Vince Velasquez","650","47.1","0.242","0.242","0.343","0.485","0.366","0.312","0.210","16","66","91.0","27.2","2436","93.7","94.19","39","156","148","0.5","6.72","109","152","118","149","294","328","291"
"22",596057,"Daniel Norris","490","4.5","0.667","0.333","0.667","1.000","0.696","0.424","0.324","4","6","95.1","24.8","2436","91.4","90.67","1","11","11","-0.7","5.71","103","151","117","142","296","335","288"
"296",669373,"Tarik Skubal","591","50.1","0.259","0.276","0.286","0.534","0.347","0.275","0.198","15","58","92.4","27.1","2434","94.4","94.16","43","146","149","-0.2","6.29","107","150","118","143","298","328","285"
"1",446372,"Corey Kluber","18","5.6","null","null","null","null","null","null","null","null","null","null","null","2431","91.5","92.30","0","1","0","0.8","6.70","123","166","137","155","290","332","304"
"308",669432,"Trevor Rogers","568","54.2","0.314","0.314","0.429","0.627","0.434","0.304","0.196","16","51","88.8","26.2","2426","93.6","93.98","38","128","178","0.4","6.79","101","148","113","147","301","323","295"
"482",592662,"Robbie Ray","1064","45.3","0.277","0.366","0.279","0.644","0.451","0.424","0.274","28","101","91.2","24.8","2426","93.9","93.95","36","183","297","0.0","6.40","105","151","118","148","296","323","298"
"107",657140,"Kyle Wright","641","16.7","0.316","0.211","0.313","0.526","0.409","0.468","0.409","6","19","90.2","8.4","2425","94.7","94.55","8","41","66","-0.2","6.20","109","148","109","152","302","331","302"
"342",605164,"Dylan Bundy","1018","33.6","0.241","0.205","0.279","0.446","0.322","0.286","0.220","20","83","89.1","29.7","2422","90.0","89.20","32","170","168","-0.8","5.83","115","153","114","151","307","321","301"
"31",672715,"Luis Patino","349","8.9","0.429","0.000","0.600","0.429","0.413","0.290","0.255","3","7","93.5","6.4","2422","96.1","97.62","2","15","16","1.5","7.18","118","152","117","150","298","328","306"
"42",642547,"Freddy Peralta","553","7.6","0.333","0.333","0.400","0.667","0.446","0.298","0.223","2","6","97.3","18.4","2421","91.3","93.24","5","16","26","1.9","7.30","117","165","126","145","296","322","306"
"24",608665,"Kendall Graveman","329","7.3","0.286","0.714","0.500","1.000","0.496","0.090","0.073","2","7","92.9","19.7","2416","93.8","93.68","4","10","14","-0.1","6.33","113","156","124","147","281","322","289"
"87",670970,"Adrian Morejon","322","27.0","0.333","0.556","0.231","0.889","0.508","0.400","0.277","6","18","85.1","4.6","2413","96.5","96.38","7","38","49","-0.1","6.22","115","154","121","148","306","335","314"
"584",607192,"Tyler Glasnow","964","60.6","0.246","0.214","0.276","0.460","0.337","0.330","0.242","31","126","91.8","18.4","2409","96.9","97.64","73","303","278","0.7","7.65","110","152","115","146","299","321","293"
"30",669145,"Bruce Zimmermann","107","28.0","0.333","0.500","0.250","0.833","0.500","0.433","0.273","2","6","91.1","20.4","2407","92.3","92.20","0","11","19","-0.1","6.34","105","155","115","148","303","323","298"
"438",605483,"Blake Snell","872","50.2","0.310","0.299","0.339","0.609","0.422","0.393","0.307","27","87","90.7","15.6","2404","95.0","96.24","50","214","222","1.2","7.13","106","157","114","149","300","319","292"
"60",608328,"Chase De Jong","143","42.0","0.364","0.273","0.273","0.636","0.403","0.339","0.265","4","11","84.4","17.6","2401","93.0","91.98","2","27","33","-1.0","5.84","107","156","116","151","302","325","303"
"90",640470,"Adbert Alzolay","387","23.3","0.222","0.333","0.143","0.556","0.375","0.400","0.204","2","9","96.1","32.1","2399","94.3","94.14","5","38","52","-0.2","6.21","108","153","110","149","293","325","299"
"276",518516,"Madison Bumgarner","710","38.9","0.274","0.274","0.250","0.548","0.378","0.443","0.324","17","62","91.3","20.6","2395","88.4","88.39","10","119","154","0.0","6.87","104","153","118","149","304","332","301"
"10",672578,"Carlos Hernandez","255","3.9","1.000","3.000","null","4.000","1.315","1.261","1.000","1","1","106.2","28.0","2394","95.4","96.84","0","3","7","1.4","6.97","109","157","112","147","305","326","306"
"274",448179,"Rich Hill","619","44.3","0.245","0.226","0.256","0.472","0.334","0.399","0.293","13","53","90.2","22.4","2393","87.8","87.81","16","92","182","0.0","6.29","101","152","115","148","298","331","297"
"276",669211,"Keegan Akin","500","55.2","0.228","0.088","0.353","0.316","0.265","0.307","0.236","13","57","93.1","19.0","2393","91.9","90.72","44","141","135","-1.2","5.75","106","154","120","146","300","322","295"
"18",592464,"Mike Kickham","262","6.9","0.250","0.000","0.333","0.250","0.218","0.153","0.113","1","4","93.9","20.3","2391","89.2","89.79","1","9","9","0.6","6.68","101","149","117","144","304","324","301"
"10",595001,"Josh A. Smith","426","2.3","0.500","0.000","0.500","0.500","0.520","0.361","0.218","1","2","89.5","21.5","2390","90.4","90.61","0","5","5","0.2","6.47","103","149","115","148","303","334","292"
"434",641816,"Tyler Mahle","852","50.9","0.226","0.214","0.302","0.440","0.335","0.304","0.202","19","84","89.4","30.6","2389","93.9","94.37","66","203","229","0.5","6.62","113","153","119","153","292","320","295"
"219",593423,"Frankie Montas","914","24.0","0.170","0.149","0.273","0.319","0.239","0.225","0.168","8","47","89.3","19.0","2384","95.9","95.22","31","93","126","-0.7","5.96","107","150","122","149","302","326","297"
"5",605155,"Colten Brewer","506","1.0","0.500","0.000","0.500","0.500","0.435","0.698","0.775","1","2","99.2","11.5","2383","94.0","94.32","0","4","1","0.3","6.36","109","150","124","147","290","325","287"
"21",650633,"Michael King","470","4.5","0.250","0.750","null","1.000","0.526","0.494","0.248","1","4","105.3","26.0","2382","93.7","93.20","5","8","13","-0.5","6.17","115","148","119","150","283","317","292"
"49",663423,"Trent Thornton","131","37.4","0.636","0.091","0.700","0.727","0.567","0.445","0.447","7","11","89.0","17.1","2380","92.1","92.38","1","25","24","0.3","6.23","108","156","114","145","301","321","290"
"436",668678,"Zac Gallen","1117","39.0","0.185","0.065","0.254","0.250","0.255","0.295","0.213","17","92","87.8","20.0","2380","93.2","93.57","24","141","293","0.4","6.66","108","155","119","150","302","333","303"
"18",596071,"Dillon Peters","36","50.0","0.000","0.000","0.000","0.000","0.000","0.114","0.069","0","3","80.9","47.5","2372","90.6","89.91","1","7","11","-0.7","5.77","119","147","119","150","320","320","304"
"349",457918,"J.A. Happ","787","44.3","0.210","0.242","0.225","0.452","0.332","0.281","0.194","13","62","88.1","27.7","2371","91.6","91.19","32","145","202","-0.4","6.18","109","152","117","149","297","323","285"
"36",605138,"Wes Benjamin","389","9.3","0.273","0.000","0.333","0.273","0.237","0.305","0.303","3","11","89.4","17.3","2370","90.7","89.56","2","18","18","-1.1","5.87","103","155","110","151","303","321","294"
"62",642528,"Jonathan Loaisiga","394","15.7","0.250","0.083","0.300","0.333","0.310","0.378","0.295","3","12","92.6","9.2","2370","97.0","97.27","3","31","31","0.3","6.42","113","152","119","150","286","319","287"
"28",664126,"Pete Fairbanks","490","5.7","0.000","0.000","0.000","0.000","0.000","0.195","0.217","0","3","84.7","12.0","2369","97.4","98.55","6","16","12","1.2","6.96","104","155","121","147","299","320","304"
"123",592346,"Chi Chi Gonzalez","347","35.4","0.333","0.286","0.353","0.619","0.437","0.423","0.358","7","21","92.7","14.6","2361","92.0","92.04","5","41","82","0.0","5.91","118","152","116","147","303","335","305"
"525",664299,"Cristian Javier","889","59.1","0.214","0.250","0.193","0.464","0.322","0.315","0.227","24","112","90.1","24.1","2360","92.2","91.55","43","240","284","-0.7","5.94","116","157","116","152","288","324","301"
"393",656288,"Griffin Canning","965","40.7","0.305","0.280","0.317","0.585","0.383","0.327","0.235","25","82","88.9","28.3","2359","92.8","91.86","25","161","229","-0.9","5.80","111","151","114","149","308","324","301"
"392",594965,"Daniel Ponce de Leon","646","60.7","0.208","0.338","0.235","0.545","0.361","0.335","0.211","16","77","89.9","29.6","2356","93.1","92.85","71","206","186","-0.2","6.18","110","150","115","149","303","323","304"
"463",669456,"Shane Bieber","1238","37.4","0.210","0.100","0.345","0.310","0.249","0.267","0.222","21","100","93.6","22.5","2354","94.1","94.74","48","187","276","0.6","6.61","106","153","117","150","293","316","290"
"234",450203,"Charlie Morton","660","35.5","0.277","0.128","0.414","0.404","0.345","0.338","0.242","13","47","91.3","23.1","2349","93.4","93.57","30","119","112","0.2","6.53","109","154","120","149","300","320","297"
"329",641745,"Brad Keller","858","38.3","0.179","0.090","0.182","0.269","0.239","0.344","0.280","12","67","85.2","2.8","2349","92.8","92.83","17","151","175","0.0","5.95","116","159","118","148","301","326","305"
"614",608337,"Lucas Giolito","1214","50.6","0.201","0.104","0.271","0.306","0.256","0.280","0.222","27","134","90.3","16.9","2349","94.0","94.78","86","296","315","0.8","6.78","109","150","115","149","298","323","298"
"259",605182,"Mike Clevinger","649","39.9","0.236","0.327","0.222","0.564","0.335","0.381","0.307","13","55","92.4","17.4","2349","95.1","96.14","28","120","139","1.0","6.84","110","152","122","149","293","321","305"
"351",624418,"Ryan Castellani","757","46.4","0.243","0.297","0.211","0.541","0.393","0.423","0.323","18","74","92.0","19.7","2346","92.4","92.63","21","145","202","0.2","6.17","114","153","118","147","304","335","306"
"20",519455,"Jordan Zimmermann","108","18.5","0.000","0.000","0.000","0.000","0.000","0.249","0.223","0","4","85.0","16.0","2345","89.7","89.59","3","8","12","-0.1","6.07","103","150","104","146","307","327","299"
"248",675921,"Spencer Howard","439","56.5","0.280","0.120","0.333","0.400","0.324","0.317","0.272","14","50","89.1","14.5","2345","94.0","94.31","21","111","135","0.3","6.56","112","151","117","149","297","326","294"
"30",650644,"Aaron Civale","1201","2.5","0.222","0.333","0.200","0.556","0.312","0.288","0.200","2","9","86.4","12.7","2343","91.3","91.27","4","14","16","0.0","6.10","104","153","122","147","296","319","286"
"32",669160,"Dustin May","866","3.7","0.167","0.250","0.111","0.417","0.234","0.260","0.231","2","12","77.6","27.9","2341","98.9","99.22","4","20","12","0.3","6.52","119","165","138","151","292","321","298"
"195",664199,"Taylor Clarke","703","27.7","0.263","0.237","0.296","0.500","0.357","0.343","0.261","10","38","93.9","28.0","2338","94.3","93.81","17","83","112","-0.5","6.23","111","156","117","151","306","333","304"
"454",554430,"Zack Wheeler","1078","42.1","0.297","0.108","0.340","0.405","0.323","0.315","0.290","33","111","87.3","6.4","2336","96.9","98.59","49","245","207","1.7","7.15","111","152","117","150","295","325","297"
"206",656232,"Brandon Bielak","597","34.5","0.273","0.455","0.200","0.727","0.450","0.386","0.279","9","33","88.4","23.7","2335","93.2","91.81","15","84","122","-1.4","5.55","114","156","114","151","289","328","302"
"19",502706,"Derek Holland","719","2.6","0.000","0.000","0.000","0.000","0.000","0.008","0.007","0","1","86.2","77.0","2333","92.1","92.13","1","3","16","0.0","6.33","104","151","113","151","303","322","293"
"127",527054,"Julio Teheran","572","22.2","0.346","0.577","0.286","0.923","0.531","0.536","0.382","9","26","86.6","16.8","2329","89.3","89.44","7","41","86","0.1","6.28","115","152","116","154","302","324","298"
"10",623474,"Jimmy Herget","350","2.9","0.000","0.000","0.000","0.000","0.230","0.557","0.471","0","2","92.9","4.0","2329","94.2","91.54","0","3","7","-2.7","4.71","106","160","112","153","312","314","289"
"25",656970,"Devin Smeltzer","268","9.3","0.286","0.000","0.286","0.286","0.304","0.251","0.193","2","7","94.6","26.3","2329","87.4","86.96","1","10","15","-0.4","5.92","101","144","113","144","314","338","304"
"267",663474,"Triston McKenzie","550","48.5","0.210","0.145","0.289","0.355","0.274","0.305","0.228","13","62","89.2","23.8","2328","92.7","94.01","32","140","127","1.3","7.02","107","154","117","151","293","322","290"
"2",461325,"Tyler Clippard","416","0.5","null","null","null","null","null","null","null","null","null","null","null","2328","89.0","89.40","0","0","2","0.4","6.45","104","154","116","148","309","333","297"
"149",663878,"Nate Pearson","324","46.0","0.200","0.200","0.185","0.400","0.344","0.377","0.253","7","35","89.1","20.9","2327","96.1","97.07","10","63","86","1.0","6.86","104","153","117","147","303","318","295"
"214",656605,"Mitch Keller","385","55.6","0.184","0.211","0.167","0.395","0.345","0.403","0.244","7","38","92.1","13.1","2327","93.9","93.74","18","99","114","-0.2","6.08","113","150","115","149","292","317","299"
"133",642545,"Jaime Barria","511","26.0","0.286","0.321","0.286","0.607","0.402","0.298","0.238","8","28","89.6","23.5","2324","91.9","91.54","11","59","74","-0.4","5.90","117","157","117","150","313","325","304"
"437",425844,"Zack Greinke","1060","41.2","0.321","0.214","0.369","0.536","0.377","0.373","0.305","27","84","88.8","16.3","2323","87.9","87.60","19","131","304","-0.3","6.04","115","154","115","150","286","322","302"
"137",665152,"Dean Kremer","346","39.6","0.222","0.148","0.333","0.370","0.292","0.295","0.240","6","27","94.1","20.4","2321","92.8","92.51","16","65","72","-0.3","6.23","107","150","116","148","299","320","295"
"91",601713,"Nick Pivetta","290","31.4","0.273","0.136","0.357","0.409","0.334","0.347","0.253","6","22","94.5","26.3","2321","92.5","93.17","10","51","40","0.7","6.82","109","150","112","146","286","327","293"
"164",645261,"Sandy Alcantara","662","24.8","0.250","0.100","0.357","0.350","0.283","0.268","0.238","10","40","90.8","24.0","2320","96.9","96.09","21","87","77","-0.8","6.08","107","154","119","150","300","324","295"
"28",489119,"Wade Miley","285","9.8","0.600","0.400","1.000","1.000","0.669","0.387","0.291","3","5","84.0","30.0","2320","90.1","90.06","5","9","19","0.0","6.17","112","147","119","142","294","315","286"
"29",641582,"Matt Foster","436","6.7","0.000","0.000","0.000","0.000","0.115","0.373","0.325","0","5","94.8","11.0","2318","93.7","93.28","3","12","17","-0.4","5.93","118","155","117","152","291","319","302"
"45",595928,"John Curtiss","384","11.7","0.400","0.300","0.429","0.700","0.455","0.341","0.269","4","10","92.6","21.3","2317","94.0","94.50","9","25","20","0.5","6.66","112","166","128","143","312","324","297"
"22",673258,"Michel Baez","99","22.2","0.500","0.167","0.600","0.667","0.493","0.353","0.369","3","6","94.5","21.6","2315","95.1","94.83","2","12","9","-0.3","5.65","115","151","129","144","323","342","322"
"8",542882,"Matt Andriese","500","1.6","1.000","1.000","1.000","2.000","1.217","0.514","0.571","1","1","103.0","4.0","2314","90.4","89.49","0","4","4","-0.9","5.79","111","146","102","149","317","320","301"
"74",680692,"Jonathan Stiever","137","54.0","0.250","0.500","0.143","0.750","0.469","0.520","0.355","3","12","99.4","10.4","2313","92.3","91.03","6","40","34","-1.3","5.54","110","149","116","148","296","323","301"
"448",592332,"Kevin Gausman","975","45.9","0.286","0.162","0.375","0.448","0.345","0.353","0.295","30","105","92.6","18.3","2310","95.2","95.53","64","246","202","0.3","6.37","112","160","117","150","295","320","298"
"20",664285,"Framber Valdez","1049","1.9","0.000","0.000","null","0.000","0.345","0.345","null","0","1","null","null","2308","93.1","93.09","3","4","16","0.0","5.99","113","154","120","151","299","327","301"
"359",542881,"Tyler Anderson","954","37.6","0.243","0.243","0.241","0.486","0.354","0.335","0.252","17","70","89.1","31.4","2308","90.2","89.76","28","147","212","-0.4","6.02","108","155","115","147","298","321","293"
"15",668338,"Tyson Miller","76","19.7","0.333","1.000","0.000","1.333","0.664","0.769","0.527","1","3","95.9","7.3","2308","93.4","94.59","0","6","9","1.2","6.89","116","157","115","151","292","324","296"
"162",656794,"Sean Newcomb","300","54.0","0.448","0.310","0.478","0.759","0.518","0.418","0.341","13","29","84.8","21.7","2307","93.4","92.98","15","74","88","-0.4","5.93","105","150","112","151","308","333","298"
"546",571510,"Matthew Boyd","1086","50.3","0.322","0.322","0.322","0.643","0.425","0.378","0.300","37","115","88.4","20.0","2305","91.7","91.54","47","268","278","-0.2","6.14","106","151","116","143","300","326","286"
"93",657624,"Josh James","340","27.4","0.154","0.231","0.125","0.385","0.422","0.440","0.188","2","13","89.8","5.6","2305","95.5","95.40","6","25","68","-0.1","6.28","113","151","114","149","290","310","293"
"16",630023,"Yonny Chirinos","190","8.4","0.000","0.000","0.000","0.000","0.000","0.000","0.000","0","4","67.5","68.5","2301","94.2","93.99","4","8","8","-0.2","6.49","102","141","109","146","290","315","304"
"142",656756,"Jordan Montgomery","747","19.0","0.400","0.200","0.500","0.600","0.435","0.370","0.331","12","30","92.3","16.4","2301","92.6","92.51","16","70","71","-0.1","6.18","113","151","119","150","296","322","285"
"133",592644,"Adam Plutko","446","29.8","0.297","0.243","0.273","0.541","0.363","0.349","0.322","11","37","91.8","19.7","2300","91.2","91.09","21","81","51","-0.1","6.17","109","156","121","150","293","313","297"
"68",458708,"Josh Tomlin","575","11.8","0.231","0.231","0.182","0.462","0.314","0.425","0.318","3","13","89.6","39.8","2300","88.2","87.20","3","29","38","-1.0","5.67","108","152","112","152","303","323","301"
"103",519144,"Rick Porcello","983","10.5","0.211","0.000","0.444","0.211","0.209","0.192","0.181","4","19","90.7","15.0","2299","91.6","91.21","10","52","51","-0.4","6.05","112","148","129","142","293","323","295"
"24",667498,"Robert Dugger","212","11.3","0.250","0.375","0.167","0.625","0.351","0.519","0.366","2","8","93.7","17.7","2299","92.7","92.31","1","10","14","-0.4","6.10","110","155","114","153","293","334","274"
"52",657240,"Julian Merryweather","233","22.3","0.083","0.083","0.167","0.167","0.219","0.257","0.138","1","12","90.1","12.5","2293","96.1","96.80","7","23","29","0.7","6.73","111","152","125","148","301","311","290"
"108",622065,"Alex Young","797","13.6","0.250","0.250","0.222","0.500","0.367","0.413","0.330","5","20","91.4","31.9","2293","91.2","90.13","6","42","66","-1.1","5.76","106","152","118","148","305","330","302"
"27",664180,"Matt Hall","210","12.9","0.600","0.200","0.750","0.800","0.624","0.479","0.414","3","5","87.2","19.8","2292","87.9","87.93","1","12","14","0.0","6.07","112","145","118","146","271","315","297"
"138",657053,"Touki Toussaint","491","28.1","0.143","0.333","0.071","0.476","0.378","0.415","0.239","3","21","88.0","25.4","2289","94.1","95.58","8","47","90","1.5","7.06","110","150","111","152","304","334","296"
"61",665621,"Rony Garcia","393","15.5","0.400","0.600","0.333","1.000","0.577","0.471","0.361","6","15","90.5","22.2","2288","93.4","92.74","7","27","34","-0.7","5.87","110","151","115","148","290","330","289"
"59",657141,"Jordan Yamamoto","270","21.9","0.588","0.706","0.583","1.294","0.754","0.616","0.449","10","17","98.5","24.8","2286","89.7","89.62","2","29","30","-0.1","6.24","108","154","111","149","303","319","282"
"9",663765,"Jake Woodford","360","2.5","0.000","0.000","0.000","0.000","0.000","0.047","0.049","0","2","91.1","-18.0","2284","93.1","93.49","2","3","6","0.4","6.44","121","160","113","154","297","341","295"
"312",548389,"Ross Stripling","815","38.3","0.353","0.500","0.289","0.853","0.512","0.468","0.350","24","68","92.5","20.1","2282","91.6","91.15","19","129","183","-0.4","5.99","111","159","120","146","293","317","295"
"1",592811,"Andrew Triggs","165","0.6","null","null","null","null","null","null","null","null","null","null","null","2282","86.8","87.20","0","0","1","0.4","6.50","122","148","99","152","285","324","294"
"56",647336,"Mike Soroka","199","28.1","0.400","0.000","0.444","0.400","0.379","0.404","0.407","4","10","88.2","-1.4","2281","92.7","91.53","3","25","31","-1.2","5.48","104","147","109","151","305","334","299"
"249",670912,"Johan Oviedo","444","56.1","0.254","0.237","0.260","0.492","0.352","0.407","0.340","15","59","93.6","14.4","2277","94.8","96.64","15","114","131","1.8","7.12","108","151","112","147","299","324","303"
"434",592866,"Trevor Williams","1017","42.7","0.270","0.315","0.250","0.586","0.391","0.358","0.265","30","111","89.0","17.0","2277","91.5","92.84","41","235","194","1.3","6.86","109","151","123","149","297","323","301"
"38",467100,"Ivan Nova","284","13.4","0.455","0.455","0.444","0.909","0.576","0.470","0.338","5","11","95.7","18.0","2276","92.5","92.16","0","13","25","-0.3","6.02","106","148","116","146","297","327","284"
"5",592612,"Josh Osich","304","1.6","0.000","0.000","0.000","0.000","0.000","0.456","0.507","0","1","103.4","2.0","2276","91.4","91.22","0","2","3","-0.2","5.88","119","150","123","151","271","311","294"
"65",640444,"Wil Crowe","194","33.5","0.500","0.643","0.500","1.143","0.671","0.580","0.364","7","14","95.6","23.5","2274","91.5","91.62","2","25","40","0.1","6.36","110","150","117","146","306","309","296"
"185",628317,"Kenta Maeda","986","18.8","0.086","0.029","0.158","0.114","0.101","0.145","0.136","3","35","83.4","16.7","2269","91.6","91.42","18","70","115","-0.2","6.08","109","157","116","151","298","330","293"
"159",502043,"Kyle Gibson","1139","14.0","0.214","0.143","0.216","0.357","0.258","0.342","0.305","9","42","88.7","8.1","2265","92.4","93.13","4","62","95","0.7","6.66","110","159","114","149","300","323","297"
"267",622694,"Elieser Hernandez","453","58.9","0.274","0.210","0.341","0.484","0.341","0.290","0.234","17","62","92.3","17.9","2265","91.3","91.80","31","134","132","0.5","6.55","107","155","115","150","299","317","290"
"24",641726,"Daulton Jefferies","53","45.3","0.500","0.000","0.500","0.500","0.520","0.439","0.332","2","4","86.2","15.0","2253","94.5","93.60","3","10","14","-0.9","5.83","105","152","121","152","308","330","305"
"6",592169,"Austin Brice","359","1.7","0.000","0.000","null","0.000","0.000","0.000","null","0","1","null","null","2249","93.8","92.38","2","3","3","-1.4","5.47","113","154","125","149","299","332","270"
"3",453562,"Jake Arrieta","729","0.4","null","null","null","null","null","null","null","null","null","null","null","2249","91.9","91.47","0","1","2","-0.4","6.03","122","149","132","156","291","319","303"
"108",664141,"JT Brubaker","804","13.4","0.444","0.222","0.533","0.667","0.508","0.379","0.318","8","18","85.7","17.9","2247","93.5","92.91","7","33","73","-0.6","5.92","114","160","127","152","293","317","300"
"20",571735,"David Hale","282","7.1","0.333","0.167","0.400","0.500","0.348","0.397","0.328","2","6","96.9","20.2","2247","92.2","92.95","2","10","10","0.8","6.62","112","152","113","150","297","320","295"
"546",608723,"Austin Voth","895","61.0","0.330","0.339","0.337","0.670","0.443","0.398","0.309","38","115","92.5","20.7","2246","92.0","92.23","47","264","277","0.2","6.44","110","154","123","143","303","316","295"
"137",663554,"Casey Mize","543","25.2","0.143","0.190","0.154","0.333","0.288","0.293","0.185","3","21","88.9","28.0","2245","93.7","94.35","17","61","76","0.7","6.69","109","147","116","146","296","329","293"
"28",658431,"Adonis Medina","84","33.3","0.250","0.000","0.500","0.250","0.375","0.293","0.086","1","4","80.3","-12.0","2242","92.3","91.25","4","10","16","-1.1","5.71","106","150","119","146","301","324","287"
"7",621141,"Walker Lockett","230","3.0","0.000","0.000","null","0.000","0.000","0.000","null","0","1","null","null","2241","92.5","92.97","2","3","4","0.5","6.36","119","154","114","149","297","326","289"
"429",643290,"Justin Dunn","801","53.6","0.146","0.146","0.136","0.293","0.298","0.370","0.240","12","82","91.9","22.6","2240","91.2","91.58","31","172","256","0.4","6.54","111","157","118","149","292","327","297"
"83",533167,"Matt Shoemaker","446","18.6","0.133","0.000","0.182","0.133","0.116","0.214","0.194","2","15","90.9","21.7","2240","92.1","92.14","12","40","42","0.0","6.43","116","154","120","151","295","323","298"
"170",572362,"Robbie Erlin","461","36.9","0.325","0.500","0.276","0.825","0.464","0.389","0.271","13","40","89.2","33.9","2238","89.0","88.74","12","84","85","-0.3","6.18","108","151","117","151","305","328","300"
"117",543606,"Jake Odorizzi","283","41.3","0.278","0.056","0.455","0.333","0.322","0.345","0.277","5","18","90.4","28.3","2238","93.0","92.71","13","61","56","-0.3","6.01","103","151","114","148","309","336","296"
"43",607067,"Colin Rea","241","17.8","0.385","0.308","0.400","0.692","0.444","0.380","0.326","5","13","89.2","7.2","2237","92.5","93.51","4","21","22","1.0","6.63","112","158","119","153","298","327","296"
"182",592767,"Drew Smyly","482","37.8","0.258","0.032","0.320","0.290","0.288","0.340","0.286","8","31","89.9","12.3","2236","93.6","92.92","21","87","95","-0.7","5.79","111","155","115","149","298","317","291"
"185",547888,"Masahiro Tanaka","769","24.1","0.351","0.297","0.370","0.649","0.427","0.448","0.347","13","37","92.9","27.2","2235","92.3","92.00","25","83","100","-0.3","6.14","110","149","122","151","290","323","289"
"153",607625,"Seth Lugo","610","25.1","0.343","0.600","0.462","0.943","0.530","0.418","0.285","12","35","94.8","15.8","2234","93.2","92.82","21","67","85","-0.4","6.09","115","147","124","143","293","317","294"
"107",650668,"Humberto Mejia","205","52.2","0.240","0.400","0.200","0.640","0.387","0.464","0.315","6","25","97.1","21.8","2231","92.8","92.18","12","59","48","-0.6","5.98","102","150","118","147","292","317","301"
"51",596043,"Daniel Mengden","231","22.1","0.222","0.000","0.222","0.222","0.260","0.300","0.262","2","9","91.8","14.2","2231","90.4","91.10","4","20","31","0.7","6.82","114","147","117","151","295","322","301"
"9",622490,"Robinson Leyer","162","5.6","0.500","0.000","0.500","0.500","0.520","0.463","0.318","1","2","96.4","30.0","2230","95.9","94.24","2","7","2","-1.7","5.42","115","147","116","148","268","321","296"
"152",543101,"Anthony DeSclafani","602","25.2","0.462","0.385","0.455","0.846","0.574","0.463","0.332","12","26","89.9","17.8","2228","94.9","95.54","15","68","82","0.6","6.64","118","156","113","155","292","321","295"
"202",572020,"James Paxton","356","56.7","0.313","0.313","0.353","0.625","0.411","0.331","0.249","15","48","90.2","21.0","2226","92.1","92.13","20","107","94","0.0","6.48","107","149","119","148","298","323","284"
"11",615698,"Cal Quantrill","504","2.2","0.200","0.000","0.500","0.200","0.174","0.095","0.098","1","5","90.4","1.0","2225","95.1","95.58","2","4","6","0.5","6.51","113","156","149","150","289","324","297"
"369",456501,"Johnny Cueto","1145","32.2","0.353","0.294","0.380","0.647","0.453","0.416","0.323","24","68","92.3","22.4","2222","91.4","90.59","29","179","188","-0.8","5.72","110","159","119","149","297","322","296"
"30",660761,"Jose Suarez","88","34.1","0.833","0.500","0.800","1.333","0.850","0.593","0.544","5","6","91.6","-0.2","2221","93.4","92.92","1","13","17","-0.5","6.02","101","147","116","146","293","322","283"
"280",452657,"Jon Lester","1008","27.8","0.295","0.344","0.250","0.639","0.418","0.463","0.344","18","61","93.2","22.8","2220","89.4","89.97","9","108","170","0.6","6.56","105","151","108","147","301","328","292"
"8",518489,"Ryan Brasier","424","1.9","0.000","0.000","0.000","0.000","0.345","0.481","0.284","0","1","65.9","-53.0","2220","94.9","96.28","0","3","5","1.4","6.88","120","147","109","145","272","322","299"
"150",641447,"Daniel Castano","474","31.6","0.300","0.175","0.314","0.475","0.363","0.414","0.371","12","40","90.6","7.9","2220","89.4","89.42","12","78","72","0.0","6.19","103","151","115","148","297","315","288"
"22",572971,"Dallas Keuchel","960","2.3","0.200","0.000","0.250","0.200","0.260","0.435","0.323","1","5","93.4","3.8","2218","88.3","88.31","1","9","13","0.0","6.06","117","154","122","150","300","322","297"
"86",425794,"Adam Wainwright","930","9.2","0.211","0.211","0.214","0.421","0.348","0.369","0.256","4","19","85.8","21.3","2218","89.2","90.15","4","31","54","0.9","6.71","113","155","118","150","301","327","304"
"234",664353,"Jose Urquidy","429","54.5","0.216","0.118","0.209","0.333","0.263","0.372","0.321","11","51","93.4","23.8","2216","93.1","92.36","22","124","110","-0.7","5.92","115","159","116","152","292","325","301"
"7",580792,"Nick Goody","246","2.8","0.000","0.000","0.000","0.000","0.000","0.165","0.161","0","2","94.6","-1.0","2214","91.5","90.74","1","3","4","-0.8","6.11","112","158","113","152","307","322","296"
"44",607074,"Carlos Rodon","133","33.1","0.182","0.182","0.222","0.364","0.260","0.254","0.226","2","11","94.7","17.2","2212","91.5","91.52","3","19","25","0.0","6.19","114","150","117","147","296","310","287"
"68",666129,"Braxton Garrett","137","49.6","0.467","0.667","0.444","1.133","0.653","0.534","0.370","7","15","92.2","12.9","2212","89.6","89.69","1","29","39","0.1","6.43","100","149","115","147","299","319","298"
"2",622072,"Alex Wood","282","0.7","null","null","null","null","null","null","null","null","null","null","null","2202","90.8","91.95","1","1","1","1.2","6.55","119","170","105","152","319","342","305"
"42",502239,"Trevor Cahill","456","9.2","0.000","0.000","0.000","0.000","0.086","0.239","0.164","0","7","86.2","26.8","2202","90.8","90.84","1","13","28","0.0","6.26","114","163","118","152","291","323","304"
"167",502624,"Chase Anderson","652","25.6","0.364","0.455","0.357","0.818","0.488","0.442","0.351","16","44","92.4","20.8","2201","92.6","91.84","19","83","82","-0.8","5.83","105","153","122","145","286","309","290"
"8",663903,"Brady Singer","1071","0.7","0.333","0.000","0.500","0.333","0.290","0.093","0.083","1","3","76.9","16.0","2199","93.0","94.08","1","5","3","1.1","6.65","107","146","113","135","294","326","300"
"43",677651,"Luis Garcia","203","21.2","0.000","0.000","0.000","0.000","0.125","0.256","0.165","0","9","86.2","19.0","2199","93.9","93.65","4","19","24","-0.3","6.27","119","155","114","152","288","312","303"
"318",656427,"Jack Flaherty","719","44.2","0.238","0.159","0.308","0.397","0.323","0.392","0.305","15","63","89.9","16.8","2199","94.0","94.80","34","139","176","0.8","6.72","112","153","115","148","302","324","303"
"18",622092,"Kyle Zimmer","373","4.8","0.000","0.000","0.000","0.000","0.470","0.519","0.156","0","1","82.1","-3.0","2199","93.8","94.16","1","2","15","0.4","6.34","115","164","123","148","300","331","299"
"78",641778,"Eric Lauer","244","32.0","0.636","0.091","0.583","0.727","0.567","0.480","0.450","7","11","85.7","26.4","2197","90.9","90.15","5","28","49","-0.7","5.86","105","153","120","144","299","323","296"
"120",641540,"Dane Dunning","571","21.0","0.364","0.182","0.467","0.545","0.439","0.341","0.230","8","22","89.9","25.7","2194","91.8","92.35","18","52","67","0.6","6.50","109","147","110","150","297","326","301"
"286",621244,"Jose Berrios","1102","26.0","0.380","0.400","0.417","0.780","0.498","0.437","0.336","19","50","96.4","19.3","2192","94.5","94.76","28","119","166","0.3","6.54","107","157","116","149","301","331","294"
"298",543548,"Tommy Milone","697","42.8","0.269","0.308","0.289","0.577","0.355","0.328","0.251","14","52","92.3","27.2","2191","86.1","85.86","23","120","176","-0.2","6.26","104","152","114","147","304","325","293"
"312",622491,"Luis Castillo","1153","27.1","0.300","0.225","0.478","0.525","0.377","0.296","0.214","12","40","89.5","17.5","2188","97.4","95.89","54","145","167","-1.5","5.42","117","156","118","154","291","320","293"
"273",643230,"Steven Brault","746","36.6","0.130","0.000","0.194","0.130","0.259","0.316","0.188","6","46","84.4","20.1","2187","92.3","93.25","23","110","160","1.0","6.87","104","151","119","147","306","321","293"
"8",472610,"Luis Garcia","183","4.4","null","null","null","null","0.690","0.690","null","0","0","null","null","2186","96.5","96.35","0","1","7","-0.1","6.18","103","153","110","146","303","326","290"
"243",621219,"Alec Mills","945","25.7","0.320","0.400","0.289","0.720","0.441","0.441","0.318","16","50","92.3","23.6","2185","89.8","89.44","13","99","144","-0.4","6.04","116","160","117","152","295","325","297"
"46",607229,"Robert Gsellman","278","16.5","0.417","0.500","0.444","0.917","0.566","0.403","0.276","5","12","94.2","15.7","2184","93.9","94.07","3","19","27","0.2","6.30","112","148","120","143","300","321","292"
"33",671790,"Ronald Bolanos","73","45.2","0.444","0.333","0.429","0.778","0.542","0.541","0.418","4","9","96.7","1.0","2184","95.2","95.48","2","16","16","0.3","6.27","100","152","116","145","306","330","308"
"290",605400,"Aaron Nola","1148","25.3","0.135","0.192","0.114","0.327","0.222","0.284","0.215","7","52","91.1","26.0","2184","92.8","93.88","35","120","170","1.1","6.97","111","153","115","150","297","326","296"
"265",663465,"Kolby Allard","658","40.3","0.233","0.209","0.276","0.442","0.347","0.332","0.208","10","43","91.9","23.2","2182","91.5","91.30","31","109","154","-0.2","6.12","108","154","115","148","299","321","290"
"505",663460,"Kris Bubic","931","54.2","0.299","0.165","0.403","0.464","0.366","0.365","0.295","29","97","89.4","12.8","2180","91.4","92.43","56","236","264","1.0","6.75","104","154","119","144","306","329","296"
"94",621129,"Kyle Cody","370","25.4","0.158","0.158","0.118","0.316","0.280","0.288","0.161","3","19","90.0","20.6","2178","94.0","93.96","4","47","47","0.0","6.28","107","158","116","150","304","321","291"
"317",665620,"Deivi Garcia","532","59.6","0.238","0.167","0.274","0.405","0.299","0.323","0.264","20","84","92.4","28.6","2178","91.9","92.35","30","174","141","0.5","6.61","110","150","118","150","291","321","289"
"299",579328,"Yusei Kikuchi","795","37.6","0.265","0.122","0.382","0.388","0.325","0.308","0.263","13","49","91.3","16.3","2178","95.0","95.75","40","128","170","0.7","6.81","108","155","119","147","292","326","291"
"131",461829,"Gio Gonzalez","618","21.2","0.440","0.040","0.550","0.480","0.453","0.396","0.348","11","25","89.1","21.3","2178","90.0","90.24","11","52","79","0.2","6.36","107","151","116","147","301","319","295"
"368",518633,"Danny Duffy","943","39.0","0.222","0.189","0.242","0.411","0.310","0.330","0.241","20","90","90.4","28.5","2173","92.1","93.32","42","194","173","1.2","6.86","108","155","119","144","302","329","296"
"55",669060,"Bryse Wilson","313","17.6","0.222","0.111","0.286","0.333","0.315","0.332","0.197","2","9","91.1","30.1","2173","94.0","94.44","8","25","30","0.4","6.60","108","152","113","151","314","336","302"
"15",641482,"Nestor Cortes","165","9.1","1.000","3.000","null","4.000","1.107","0.693","0.386","1","1","98.9","35.0","2170","87.7","80.81","1","4","11","-6.9","5.89","98","143","120","142","279","342","295"
"560",663978,"Chris Paddack","963","58.2","0.308","0.350","0.314","0.658","0.407","0.379","0.306","37","120","92.7","11.8","2170","94.1","95.06","53","253","304","1.0","6.90","114","151","129","146","302","331","311"
"146",605242,"Michael Fulmer","528","27.7","0.379","0.414","0.318","0.793","0.498","0.517","0.413","11","29","89.4","24.9","2170","93.2","93.92","5","58","87","0.7","6.61","108","149","112","148","297","325","287"
"186",605288,"Adrian Houser","922","20.2","0.333","0.194","0.458","0.528","0.391","0.311","0.249","12","36","88.4","18.8","2166","93.8","94.40","25","77","109","0.6","6.55","112","153","123","151","297","318","300"
"133",664350,"Sixto Sanchez","559","23.8","0.217","0.348","0.231","0.565","0.356","0.349","0.210","5","23","95.6","25.2","2164","98.5","98.08","17","57","76","-0.4","6.07","103","153","116","148","305","317","293"
"6",643615,"T.J. Zeuch","185","3.2","0.000","0.000","0.000","0.000","0.000","0.114","0.104","0","2","91.5","7.5","2164","91.2","91.50","1","4","2","0.3","6.37","118","153","143","135","287","307","293"
"289",547942,"Kwang Hyun Kim","613","47.1","0.190","0.127","0.192","0.317","0.246","0.292","0.248","12","63","85.9","3.6","2161","89.8","90.78","15","123","166","1.0","6.77","110","150","115","147","302","318","297"
"246",592879,"Asher Wojciechowski","674","36.5","0.304","0.268","0.325","0.571","0.386","0.320","0.250","17","56","89.8","24.4","2161","90.8","91.58","28","117","129","0.8","6.85","108","156","113","148","296","324","299"
"75",570632,"Jose Urena","396","18.9","0.091","0.000","0.125","0.091","0.242","0.339","0.191","1","11","85.7","18.1","2161","95.6","95.34","11","35","40","-0.3","6.28","99","151","120","146","316","324","292"
"31",643327,"Zack Godley","553","5.6","0.200","0.200","0.250","0.400","0.375","0.397","0.303","1","5","91.0","27.0","2160","90.0","88.96","2","13","17","-1.0","5.57","109","152","116","145","279","323","292"
"156",605135,"Chris Bassitt","946","16.5","0.167","0.056","0.375","0.222","0.174","0.132","0.123","6","36","93.2","21.2","2160","93.3","93.59","25","76","80","0.3","6.38","112","151","125","150","301","326","302"
"87",621107,"Zach Eflin","913","9.5","0.176","0.412","0.111","0.588","0.341","0.345","0.217","3","17","95.3","22.7","2159","94.3","95.04","14","41","46","0.7","6.75","117","153","119","152","295","324","298"
"289",571666,"Mike Fiers","916","31.6","0.205","0.157","0.212","0.361","0.252","0.259","0.206","17","83","89.7","23.0","2158","88.0","87.10","15","130","158","-0.9","5.63","111","151","123","152","301","327","302"
"464",608566,"German Marquez","1226","37.8","0.333","0.171","0.351","0.505","0.394","0.382","0.322","35","105","89.2","8.6","2156","95.9","94.49","33","219","245","-1.4","5.31","116","153","113","149","302","329","303"
"39",660271,"Shohei Ohtani","80","48.8","0.500","0.000","0.667","0.500","0.588","0.579","0.414","2","4","98.8","17.0","2155","93.8","94.78","2","12","27","1.0","6.78","108","146","116","145","316","328","302"
"156",670950,"Trevor Richards","576","27.1","0.269","0.115","0.300","0.385","0.331","0.295","0.232","7","26","85.0","12.4","2151","90.6","91.07","19","75","80","0.5","6.67","108","173","112","150","303","321","299"
"143",596295,"Austin Gomber","526","27.2","0.161","0.032","0.217","0.194","0.240","0.310","0.247","5","31","89.5","10.3","2150","92.4","93.10","15","65","77","0.7","6.62","104","146","114","145","307","329","304"
"277",434671,"Anibal Sanchez","971","28.5","0.441","0.424","0.400","0.864","0.537","0.454","0.381","26","59","94.8","21.4","2148","89.2","89.27","15","123","150","0.1","6.27","108","154","125","141","300","318","294"
"318",592351,"Jon Gray","658","48.3","0.258","0.101","0.289","0.360","0.304","0.323","0.275","23","89","92.4","11.5","2148","94.0","94.71","20","157","160","0.7","6.51","118","155","114","150","309","331","306"
"103",518774,"Matt Harvey","247","41.7","0.440","0.160","0.526","0.600","0.458","0.387","0.347","11","25","94.3","10.9","2147","93.8","93.54","4","40","62","-0.3","6.17","109","153","116","148","302","328","315"
"343",543475,"Jordan Lyles","993","34.5","0.337","0.326","0.293","0.663","0.442","0.398","0.295","29","86","90.6","23.4","2147","92.3","93.17","13","155","185","0.9","6.86","108","155","113","150","297","321","293"
"236",571578,"Patrick Corbin","1068","22.1","0.423","0.269","0.404","0.692","0.475","0.400","0.326","22","52","90.6","10.2","2145","90.1","90.86","7","108","128","0.8","6.71","105","150","118","144","306","318","296"
"635",622608,"Antonio Senzatela","1136","55.9","0.313","0.147","0.323","0.460","0.358","0.352","0.308","47","150","90.4","5.6","2144","94.3","94.53","33","286","345","0.2","6.24","115","152","118","148","302","329","304"
"48",621261,"Corey Oswalt","223","21.5","0.385","0.154","0.500","0.538","0.412","0.312","0.272","5","13","85.6","19.0","2144","91.9","92.59","2","18","29","0.7","6.91","111","150","122","145","295","326","293"
"338",592836,"Taijuan Walker","882","38.3","0.156","0.188","0.159","0.344","0.292","0.358","0.232","10","64","90.7","20.3","2143","93.2","92.85","33","143","193","-0.4","6.18","109","155","121","148","293","318","289"
"16",474463,"Brett Anderson","752","2.1","0.000","0.000","0.000","0.000","0.000","0.242","0.143","0","1","92.5","32.0","2139","90.2","89.67","0","4","12","-0.5","6.00","110","157","122","142","300","320","297"
"255",625643,"Reynaldo Lopez","503","50.7","0.327","0.306","0.375","0.633","0.448","0.386","0.270","16","49","92.3","18.8","2138","94.2","94.48","25","119","135","0.3","6.35","111","148","112","148","298","327","300"
"15",592314,"Mike Foltynewicz","70","21.4","0.000","0.000","0.000","0.000","0.000","0.049","0.044","0","2","77.6","13.0","2137","90.9","91.06","1","6","9","0.2","6.59","112","152","113","151","309","339","305"
"24",641302,"Tyler Alexander","599","4.0","0.222","0.111","0.250","0.333","0.232","0.218","0.226","2","9","82.5","16.0","2137","90.4","90.58","3","15","9","0.2","6.38","98","151","119","142","304","329","279"
"58",456701,"Homer Bailey","133","43.6","0.182","0.000","0.200","0.182","0.272","0.352","0.261","2","11","93.4","9.7","2135","91.3","91.73","4","26","32","0.4","6.44","110","154","113","146","297","331","289"
"6",543901,"Ryan Weber","645","0.9","0.000","0.000","null","0.000","0.000","0.000","null","0","1","null","null","2133","87.3","86.00","2","4","2","-1.3","5.40","91","144","122","144","273","318","297"
"140",593372,"Carlos Martinez","402","34.8","0.400","0.343","0.400","0.743","0.467","0.343","0.284","14","35","89.3","15.2","2132","93.3","92.62","12","71","69","-0.7","5.73","112","147","113","148","301","324","302"
"291",641154,"Pablo Lopez","903","32.2","0.227","0.133","0.333","0.360","0.303","0.298","0.207","17","75","88.0","17.2","2124","93.9","94.76","46","161","127","0.9","6.81","105","153","117","149","301","319","294"
"227",608379,"Michael Wacha","609","37.3","0.408","0.347","0.432","0.755","0.505","0.406","0.319","20","49","90.3","22.4","2123","93.5","94.58","17","114","110","1.1","6.88","109","148","117","143","297","315","293"
"38",544931,"Stephen Strasburg","85","44.7","0.385","0.231","0.333","0.615","0.436","0.339","0.308","5","13","89.7","24.4","2123","91.7","93.02","3","20","18","1.3","6.96","112","153","125","134","297","320","295"
"391",676606,"Nick Margevicius","679","57.6","0.278","0.233","0.292","0.511","0.357","0.356","0.291","25","90","91.3","21.7","2121","89.8","90.32","27","184","207","0.5","6.57","110","156","123","147","299","326","289"
"282",543135,"Nathan Eovaldi","748","37.7","0.328","0.246","0.447","0.574","0.391","0.311","0.267","20","61","91.1","8.9","2121","97.3","97.82","35","162","120","0.5","6.63","111","153","119","148","288","323","293"
"376",608331,"Max Fried","899","41.8","0.198","0.111","0.234","0.309","0.287","0.280","0.188","16","81","81.6","9.0","2120","93.1","93.62","40","174","200","0.5","6.38","107","151","115","150","310","328","297"
"289",657277,"Logan Webb","998","29.0","0.323","0.185","0.383","0.508","0.412","0.409","0.310","21","65","90.1","17.9","2116","93.0","93.77","28","124","163","0.8","6.56","112","157","115","151","294","323","300"
"32",502179,"Paolo Espino","110","29.1","0.500","0.000","0.571","0.500","0.435","0.456","0.441","4","8","89.6","16.1","2115","89.5","89.91","4","15","17","0.4","6.60","103","149","121","142","295","316","298"
"129",608718,"Brent Suter","516","25.0","0.138","0.103","0.188","0.241","0.222","0.263","0.192","4","29","89.3","7.5","2114","85.2","86.02","23","68","61","0.8","7.41","102","153","117","150","302","318","298"
"133",641712,"Dakota Hudson","589","22.6","0.079","0.000","0.091","0.079","0.100","0.269","0.243","3","38","89.5","12.5","2114","92.6","93.13","8","69","62","0.5","6.53","114","153","119","149","296","323","302"
"278",656849,"David Peterson","812","34.2","0.182","0.109","0.205","0.291","0.279","0.319","0.218","10","55","87.5","12.4","2106","92.1","93.59","26","116","161","1.5","7.13","111","149","119","143","298","320","294"
"61",606996,"Kyle Hart","260","23.5","0.500","0.500","0.667","1.000","0.633","0.560","0.394","3","6","84.8","-5.3","2103","88.5","88.65","2","17","44","0.1","6.30","108","150","116","144","275","319","288"
"130",596001,"Jakob Junis","394","33.0","0.289","0.316","0.226","0.605","0.389","0.371","0.299","11","38","90.4","19.4","2098","91.0","91.14","11","66","62","0.1","6.04","112","158","107","147","303","326","307"
"5",502171,"Alex Cobb","807","0.6","0.000","0.000","0.000","0.000","0.000","0.181","0.200","0","2","92.4","27.0","2098","92.9","91.90","0","3","2","-1.0","5.74","104","150","111","147","288","320","294"
"17",605538,"Matt Wisler","453","3.8","0.000","0.000","0.000","0.000","0.360","0.368","0.014","0","1","100.9","54.0","2093","91.9","91.82","3","6","10","-0.1","6.02","101","150","117","149","306","342","301"
"292",668676,"Zach Plesac","776","37.6","0.321","0.256","0.339","0.577","0.377","0.388","0.319","25","78","90.4","15.1","2086","92.8","92.94","21","139","153","0.1","6.27","109","154","118","151","294","319","293"
"68",607391,"Chris Mazza","538","12.6","0.357","0.000","0.625","0.357","0.336","0.336","0.336","5","14","81.1","24.3","2081","92.2","93.10","14","33","34","0.9","6.78","109","150","116","148","289","323","291"
"285",543699,"Tanner Roark","901","31.6","0.344","0.377","0.348","0.721","0.466","0.372","0.279","21","61","91.7","23.8","2079","90.6","90.30","28","134","149","-0.3","6.06","110","152","122","145","292","315","292"
"109",664714,"Ljay Newsome","255","42.7","0.321","0.214","0.381","0.536","0.378","0.266","0.231","9","28","88.7","25.2","2075","91.4","91.19","12","56","52","-0.2","6.14","111","158","121","150","293","324","301"
"110",660623,"Huascar Ynoa","395","27.8","0.417","0.167","0.429","0.583","0.446","0.407","0.348","10","24","91.7","0.9","2070","95.0","94.13","8","55","52","-0.9","5.87","107","150","112","151","307","332","297"
"98",656557,"Tanner Houck","265","37.0","0.222","0.148","0.278","0.370","0.290","0.345","0.270","6","27","92.3","9.7","2066","92.8","93.15","10","50","48","0.3","6.49","110","148","118","148","303","330","291"
"268",666120,"Ian Anderson","571","46.9","0.212","0.077","0.278","0.288","0.262","0.236","0.180","11","52","93.2","19.8","2063","94.1","95.83","17","111","154","1.7","7.28","107","149","115","151","303","331","304"
"8",430935,"Cole Hamels","52","15.4","0.000","0.000","null","0.000","0.000","0.000","null","0","1","null","null","2062","88.4","88.45","1","3","5","0.1","6.46","106","149","113","146","305","327","290"
"4",621121,"Lance McCullers Jr.","884","0.5","0.333","0.333","0.333","0.667","0.406","0.302","0.291","1","3","95.5","29.7","2056","93.0","92.63","0","3","1","-0.4","6.08","124","164","119","155","290","320","300"
"34",677976,"Randy Dobnak","748","4.5","0.333","0.000","0.400","0.333","0.472","0.581","0.526","2","6","100.4","11.4","2052","92.9","92.40","1","14","19","-0.5","5.79","109","161","120","149","300","330","296"
"156",527048,"Martin Perez","1033","15.1","0.233","0.300","0.227","0.533","0.364","0.332","0.259","7","30","88.3","27.5","2049","92.2","91.62","14","58","97","-0.6","5.99","109","152","120","146","287","324","292"
"12",665733,"Antonio Santos","133","9.0","1.000","0.000","1.000","1.000","0.760","0.733","0.879","1","1","92.8","12.0","2048","93.8","93.73","0","4","7","-0.1","6.47","112","146","114","145","294","311","285"
"11",641771,"Chad Kuhl","789","1.4","0.000","0.000","0.000","0.000","0.000","0.527","0.382","0","3","74.1","-13.0","2043","93.9","94.84","1","3","8","0.9","6.83","111","152","113","150","298","324","299"
"12",453284,"Blake Parker","315","3.8","null","null","null","null","null","null","null","null","null","null","null","2017","90.9","91.61","1","4","8","0.7","6.83","120","151","121","147","295","318","293"
"273",547943,"Hyun Jin Ryu","1132","24.1","0.340","0.220","0.400","0.560","0.397","0.341","0.282","17","50","88.5","11.5","1996","89.8","90.09","24","123","148","0.3","6.66","104","152","116","147","298","313","286"
"205",663776,"Patrick Sandoval","598","34.3","0.310","0.224","0.294","0.534","0.386","0.404","0.339","18","58","92.4","7.5","1995","92.9","92.29","4","94","110","-0.6","5.80","110","151","114","149","309","324","293"
"233",543294,"Kyle Hendricks","1162","20.1","0.196","0.152","0.212","0.348","0.256","0.310","0.240","9","46","89.6","20.3","1972","87.4","87.07","24","105","128","-0.3","5.90","115","162","115","152","289","327","298"
"38",664069,"Ben Braymer","152","25.0","0.000","0.000","0.000","0.000","0.197","0.276","0.119","0","5","83.0","7.7","1971","88.5","87.05","3","8","30","-1.4","5.53","110","154","123","144","301","306","291"
"18",453281,"Wade LeBlanc","367","4.9","0.000","0.000","0.000","0.000","0.000","0.155","0.150","0","2","86.5","28.5","1968","86.8","86.35","0","7","11","-0.4","6.12","108","153","108","148","299","321","296"
"40",656353,"Tucker Davidson","53","75.5","0.375","0.375","0.400","0.750","0.523","0.536","0.397","3","8","89.9","24.7","1966","92.0","91.81","3","17","23","-0.2","6.10","106","150","116","152","312","332","298"
"1",606131,"Luis Perdomo","276","0.4","1.000","0.000","1.000","1.000","0.870","0.579","0.643","1","1","107.5","5.0","1955","94.8","94.40","0","1","0","-0.4","6.00","125","144","116","147","291","327","314"
"15",642083,"Aaron Slegers","387","3.9","0.000","0.000","0.000","0.000","0.000","0.064","0.057","0","2","80.5","48.5","1950","91.0","92.22","3","8","7","1.2","7.31","111","182","119","155","290","323","309"
"19",642558,"Ariel Jurado","84","22.6","0.571","0.429","0.500","1.000","0.650","0.429","0.340","4","7","75.9","20.9","1949","92.0","92.02","0","9","10","0.0","6.45","107","141","103","136","295","324","285"
"228",501381,"Michael Pineda","455","50.1","0.381","0.143","0.444","0.524","0.409","0.354","0.278","16","42","91.8","19.6","1942","92.1","92.24","25","117","109","0.1","6.38","106","154","115","149","297","329","296"
"3",676596,"Josh Fleming","470","0.6","0.000","0.000","0.000","0.000","0.000","0.013","0.014","0","1","88.0","62.0","1939","90.6","90.70","0","1","2","0.1","6.63","97","157","110","150","307","317","286"
"98",605347,"Jorge Lopez","635","15.4","0.300","0.500","0.176","0.800","0.442","0.587","0.441","6","20","96.1","18.0","1924","94.1","94.21","6","41","57","0.1","6.38","108","153","116","147","299","320","295"
"9",500779,"Jose Quintana","183","4.9","0.500","0.500","0.500","1.000","0.609","0.326","0.361","1","2","89.6","33.5","1923","90.8","91.66","1","5","4","0.9","6.79","118","159","110","149","317","336","298"
"34",626929,"Lewis Thorpe","272","12.5","0.500","0.667","0.500","1.167","0.677","0.627","0.498","3","6","92.6","17.4","1921","88.5","89.82","2","14","20","1.3","7.15","94","152","113","148","304","330","289"
"6",656954,"Justus Sheffield","880","0.7","0.000","0.000","null","0.000","0.000","0.000","null","0","1","null","null","1891","92.9","92.40","1","1","5","-0.5","6.00","114","155","126","150","287","327","293"
"48",664045,"Thomas Eshelman","529","9.1","0.250","0.250","0.222","0.500","0.383","0.463","0.365","3","12","86.5","23.9","1881","85.9","86.24","2","19","29","0.3","6.41","108","154","113","148","301","323","293"
"12",543557,"Mike Montgomery","97","12.4","0.667","0.000","0.667","0.667","0.580","0.469","0.518","2","3","85.7","5.7","1851","88.6","88.57","0","4","8","0.0","6.12","114","159","125","151","306","336","295"
"92",607200,"Erick Fedde","850","10.8","0.250","0.286","0.217","0.536","0.356","0.375","0.301","7","28","93.5","12.2","1790","93.3","94.24","6","50","41","0.9","6.67","109","153","121","145","307","317","298"